Workbook

Sheet Shift calculator
A1: Shift calculator
A2: Edit the yellow cells to estimate a shift score, stars and credits. Example values shown.
A4: Your shift
A5: Warehouse | B5: Northgate DC | C5: Pick from the list
A6: Pallets put away | B6: 32
A7: Orders staged on time | B7: 24
A8: Rush orders staged on time | B8: 2
A9: Orders staged late | B9: 3
A10: Fast truck turnarounds (≤45 min) | B10: 4
A11: Good truck turnarounds (≤70 min) | B11: 3
A12: Late orders | B12: 4
A13: Backorders | B13: 1
A14: Gate detention charges | B14: 5
A15: Points spent on incidents and actions | B15: 95
A17: Result
A18: Score | B18: =B6*Scoring!$B$5+B7*Scoring!$B$6+B8*Scoring!$B$7+B9*Scoring!$B$8+B10*Scoring!$B$9+B11*Scoring!$B$10+B12*Scoring!$B$11+B13*Scoring!$B$12+B14*Scoring!$B$13-B15 -> 576
A19: Goal: pallets put away | B19: =INDEX(Warehouses!$I$5:$I$9,MATCH($B$5,Warehouses!$B$5:$B$9,0)) -> 28
A20: Goal: orders on time | B20: =INDEX(Warehouses!$J$5:$J$9,MATCH($B$5,Warehouses!$B$5:$B$9,0)) -> 22
A21: Goal: on-time rate | B21: =INDEX(Warehouses!$K$5:$K$9,MATCH($B$5,Warehouses!$B$5:$B$9,0)) -> 0.85
A22: Orders on time (incl. rush) | B22: =B7+B8 -> 26 | C22: Rush orders count toward the on-time goal
A23: Your on-time rate | B23: =IFERROR(B22/(B22+B13),0) -> 0.96296296
A24: Stars | B24: =(B6>=B19)+(B22>=B20)+AND(B22+B13>=5,B23>=B21) -> 3 | C24: One star per goal met (0–3)
A25: Credits earned | B25: =MAX(0,ROUND(B18*Scoring!$B$14,0))+B24*Scoring!$B$15 -> 126

Sheet Warehouses
A1: WareTrack warehouses
A2: Values match the game build. Blue = values set in the game; black = formulas.
A4: Code | B4: Warehouse | C4: Location | D4: Difficulty (1-3) | E4: Docks | F4: Rack rows | G4: Rack slots | H4: Forklifts | I4: Goal: pallets put away | J4: Goal: orders on time | K4: Goal: on-time rate | L4: Order due window (min) | M4: How to unlock | N4: What makes it different | O4: Building | P4: Map position
A5: WH-02 | B5: Northgate DC | C5: Newark NJ | D5: 1 | E5: 4 | F5: 4 | G5: =F5*16 -> 64 | H5: 3 | I5: 28 | J5: 22 | K5: 0.85 | L5: 55 | M5: Open from the start | N5: Steady inbound and a patient crew. The starter site. | O5: Blue gable roof | P5: Centre
A6: WH-01 | B6: Riverside Hub | C6: Paterson NJ | D6: 1 | E6: 2 | F6: 3 | G6: =F6*16 -> 48 | H6: 3 | I6: 18 | J6: 18 | K6: 0.85 | L6: 60 | M6: 2 stars at Northgate DC | N6: A small two-door depot. Fewer trucks, but only two docks to share. | O6: Depot roof | P6: 1 site west
A7: WH-03 | B7: Eastport Cold Chain | C7: Elizabeth NJ | D7: 2 | E7: 5 | F7: 3 | G7: =F7*16 -> 48 | H7: 3 | I7: 36 | J7: 22 | K7: 0.85 | L7: 50 | M7: 2 stars at Riverside Hub | N7: Five docks and a long truck queue, but only three rack rows. | O7: Flat cold-store roof, condensers, silos | P7: 1 site east
A8: WH-04 | B8: Southfield Cross-Dock | C8: Edison NJ | D8: 3 | E8: 5 | F8: 3 | G8: =F8*16 -> 48 | H8: 4 | I8: 40 | J8: 26 | K8: 0.85 | L8: 45 | M8: 2 stars at Eastport Cold Chain | N8: Freight flows straight through: constant trucks, little rack space. | O8: Four-ridge sawtooth roof | P8: 2 sites west
A9: WH-05 | B9: Westgate Robotics Hub | C9: Allentown PA | D9: 3 | E9: 3 | F9: 4 | G9: =F9*16 -> 64 | H9: 3 | I9: 20 | J9: 32 | K9: 0.85 | L9: 45 | M9: 2 stars at Southfield Cross-Dock | N9: Few docks, a flood of orders and more things go wrong. | O9: Solar-panel roof | P9: 2 sites east
A11: Rack slots = rack rows × 8 bays × 2 levels. A shift runs 08:00–16:00 game time (about 8 real minutes at 1× speed). The on-time goal needs at least 5 orders.
A12: A site you have already scored at stays unlocked. All five sites share one road network: you run one in full detail and the other four keep working on their own.

Sheet Scoring
A1: Scoring rules
A2: Points added or taken away during a shift.
A4: Event | B4: Points | C4: When it applies
A5: Pallet put away | B5: 5 | C5: Each pallet a forklift puts into a rack
A6: Order staged on time | B6: 15 | C6: Order reaches outbound staging before its due time
A7: Rush order staged on time | B7: 40 | C7: Accepted rush order staged within 25 minutes
A8: Order staged late | B8: 2 | C8: Order staged after its due time (still counts as shipped)
A9: Fast truck turnaround (≤45 min) | B9: 25 | C9: Truck leaves within 45 min of reaching the gate
A10: Good truck turnaround (≤70 min) | B10: 10 | C10: Truck leaves within 70 min of reaching the gate
A11: Late order | B11: -10 | C11: Charged once when an order passes its due time
A12: Backorder | B12: -15 | C12: New order for a product with no stock and none on the way
A13: Gate detention (per 5 min) | B13: -2 | C13: Truck waits at the gate past 15 min; at most 6 charges per truck
A14: Credits per score point | B14: 0.16666667 | C14: Credits earned = score ÷ 6, rounded, never below 0
A15: Credits per star | B15: 10 | C15: Added on top of score credits

Sheet Incidents
A1: Problems and your choices
A2: A card appears with two options. If you do not choose in about 20 seconds, the default is picked.
A4: Problem | B4: Option A (spend points) | C4: Cost (points) | D4: Option A result | E4: Option B (free) | F4: Option B result | G4: Default if no choice
A5: Forklift breaks down | B5: Call a mechanic | C5: 40 | D5: Fixed in 20 min | E5: Wait for the shift tech | F5: Fixed in 90 min | G5: Option B
A6: Spill closes an aisle | B6: Send cleanup crew | C6: 20 | D6: Aisle clear in 8 min | E6: Leave it | F6: Aisle closed for 60 min (last aisle also blocks outbound staging) | G6: Option B
A7: Rush order arrives | B7: Accept rush | C7: 0 | D7: +40 if staged within 25 min | E7: Decline | F7: −10 goodwill | G7: Option A
A8: Inbound truck delayed | B8: Book a backup carrier | C8: 30 | D8: Extra truck in 3 min | E8: Accept the delay | F8: Truck arrives 25 min later | G8: Option B
A9: Flash-sale order surge | B9: Hire a temp driver | C9: 60 | D9: Extra forklift for 60 min | E9: Ride it out | F9: Orders arrive twice as fast for 45 min | G9: Option B
A10: Product almost out | B10: Expedite supplier | C10: 35 | D10: Truck with mostly that product in 4 min | E10: Wait for regular trucks | F10: Orders for it may be backordered (−15 each) | G10: Option B
A12: Total cost if you pay for every Option A once | C12: =SUM(C5:C10) -> 185

Sheet Actions
A1: Things you can do during a shift
A2: Available any time from the side panel or top bar.
A4: Action | B4: Where | C4: Cost (points) | D4: Effect
A5: Move order to front | B5: Orders tab | C5: 0 | D5: That order is picked next
A6: Expedite a product | B6: Stock tab (shows when 3 or fewer pallets) | C6: 35 | D6: Rush truck arrives in 4 min
A7: Hire temp driver | B7: Fleet tab | C7: 60 | D7: Extra forklift for 60 min (max 2 at once)
A8: Call truck | B8: Top bar | C8: 0 | D8: Extra inbound truck in 2 min

Sheet Upgrades
A1: Upgrades
A2: Bought between shifts with credits. They apply to every warehouse.
A4: Upgrade | B4: Effect | C4: Level 1 cost (cr) | D4: Level 2 cost (cr) | E4: Max level | F4: Total to max (cr)
A5: Extra forklift | B5: One more forklift on every shift | C5: 120 | D5: 240 | E5: 2 | F5: =SUM(C5:D5) -> 360
A6: Turbo drive | B6: Forklifts drive 15% faster per level | C6: 90 | D6: 180 | E6: 2 | F6: =SUM(C6:D6) -> 270
A7: Fast charging | B7: Batteries drain slower and charge twice as fast | C7: 80 | E7: 1 | F7: =SUM(C7:D7) -> 80
A9: Everything maxed | F9: =SUM(F5:F7) -> 710

Sheet World and traffic
A1: The world, roads and the other sites
A2: How the shared map behaves. Times are in game minutes (1 real second = 1 game minute at 1× speed).
A4: Topic | B4: Rule | C4: Value
A5: Traffic lights: green | B5: North–south or east–west green phase | C5: 6 min
A6: Traffic lights: amber | B6: Amber after green; cars already moving fast may still cross | C6: 1.5 min
A7: Traffic lights: all red | B7: Clearance between phases | C7: 0.8 min
A8: Traffic lights: full cycle | B8: ="Green + amber + all red, both directions" -> Green + amber + all red, both directions | C8: =2*(6+1.5+0.8) -> 16.6
A9: Driving side | B9: Every vehicle keeps to the right-hand lane | C9: Right
A10: Following distance | B10: Vehicles stop when one is close ahead in their lane | C10: ~3.5 m
A11: Truck-only roads | B11: Yellow-lined lanes into each yard; cars never use them | C11: Trucks only
A12: Other sites: trucks | B12: Inbound (unload) or outbound (load), queue at the gate, dock, then leave | C12: Every 20–60 min per site
A13: Other sites: forklifts | B13: One yard forklift per two docks moves pallets between door and staging | C13: 1 pallet per trip
A14: Other sites: on time | B14: A truck counts as on time if it leaves within 70 min of reaching the gate | C14: 70 min
A15: Switching sites | B15: Pick a site in the top-bar menu: the camera flies there. Between shifts it becomes your site; during a shift you can only watch | C15: —
A16: Network overview | B16: Zooms out to all five sites with a name pin over each | C16: —
A17: Transfer trucks | B17: WareTrack trucks drive stock between your warehouses on the public roads, obeying the same lights and lanes | C17: Every 90–160 min per site
A18: Request a transfer | B18: Stock tab: a nearby warehouse sends 5 pallets (4 of the product you need). Slower than Expedite but cheaper | C18: 15 points
A19: Yard lane | B19: One truck moves in a yard lane at a time: a truck only backs into a dock or pulls out when the lane is clear | C19: —
A20: Approach roads | B20: Traffic enters and leaves the map along long approach roads, so vehicles never pop in or vanish on screen | C20: —

Sheet Deliveries
A1: Delivery vans
A2: Every shipped order becomes a delivery to a shop. Credits go straight to your balance, in shifts and in free play.
A4: Rule | B4: How it works | C4: Value
A5: Promised time | B5: Minutes from shipping until the drop is due: 30 + 3 per block of route (+5 with a Dispatcher) | C5: =30+3*8 -> 54
A6: Base fee (credits) | B6: 2 + 0.25 per block, then the route-planner and rating multipliers | C6: =2+0.25*8 -> 4
A7: Early drop | B7: 10 or more minutes before the promised time: +25% tip | C7: 1.25
A8: Late drop | B8: After the promised time: half pay, and your rating drops | C8: 0.5
A9: Rating multiplier | B9: 0.8 + 0.1 × rating (rating 0–5, starts at 4.0) | C9: =0.8+0.1*4 -> 1.2
A10: Running cost per trip | B10: Charged when a van leaves the depot (Electric vans: free) | C10: 2
A11: Example fee (8 blocks, early, rating 4) | B11: Base × rating × early tip | C11: =ROUND(C6*C9*C7,0) -> 6
A12: Customers | B12: Every shop and every house in the city around the site you run: 8 shops and 10 homes per site, plus shops you build | C12: 18 per site
A13: Tracking | B13: Shipment tracking → Outbound follows an order: placed, picked, staged, shipped, out for delivery, delivered. Tap a shop or house to see its open orders | C13: —

Sheet Delivery upgrades
A1: Delivery staff and tools
A2: Bought any time with credits from the Vans tab.
A4: Upgrade | B4: Group | C4: Effect | D4: Level 1 (cr) | E4: Level 2 (cr) | F4: Level 3 (cr) | G4: Total (cr)
A5: Delivery drivers | B5: Staff | C5: Fleet of 4 vans, then 5, 6 and 7 | D5: 90 | E5: 180 | F5: 320 | G5: =SUM(D5:F5) -> 590
A6: Driver training | B6: Staff | C6: Vans drive 12% faster per level | D6: 70 | E6: 150 | G6: =SUM(D6:F6) -> 220
A7: Dispatcher | B7: Staff | C7: Most urgent job goes first; promises 5 min longer | D7: 110 | G7: =SUM(D7:F7) -> 110
A8: Handheld scanners | B8: Tools | C8: Drop-offs take half the time; +1 cr tip each | D8: 60 | G8: =SUM(D8:F8) -> 60
A9: Route planner | B9: Tools | C9: Delivery fees +15% per level | D9: 100 | E9: 200 | G9: =SUM(D9:F9) -> 300
A10: Bigger vans | B10: Tools | C10: Each van carries 2 deliveries per trip | D10: 160 | G10: =SUM(D10:F10) -> 160
A11: Electric vans | B11: Tools | C11: Trips cost nothing to run | D11: 120 | G11: =SUM(D11:F11) -> 120
A13: Everything bought | G13: =SUM(G5:G11) -> 1560

Sheet Challenge and rewards
A1: Order requests, Hands-on mode, missions and streaks
A2: The systems that give each session a goal and a reason to come back.
A4: System | B4: How it works | C4: Value
A5: Order request window | B5: During a shift every new order pops up in the Actions card. Accept, rush it or decline before the timer runs out (real seconds, paused when the game is paused) | C5: 16
A6: Missed request | B6: The customer goes elsewhere: points lost and customer rating drops | C6: -5
A7: Rating cost of a missed request | B7: Applied to the 0–5 customer rating | C7: -0.15
A8: Rating cost of declining | B8: Declining is cheaper than ignoring | C8: -0.05
A9: Rush an order | B9: Accept as rush: due in 25 minutes, pays the rush bonus | C9: 25
A10: Out-of-stock request | B10: Accepting sends a transfer truck from another warehouse automatically (15 points) | C10: 15
A11: Hands-on mode | B11: You dock every truck, release every order to the floor and send every van yourself; all points earned are multiplied | C11: 1.25
A12: Missions | B12: 3 active missions from 11 types (put-aways, on-time orders, deliveries, home drops, early drops, delivery credits, fast trucks, streaks, combos, transfers, 2-star shifts); targets and rewards grow with level | C12: 30–60 cr + XP
A13: Mission chest | B13: Every 5th mission completed | C13: 75
A14: On-time delivery streak | B14: Each consecutive on-time drop adds to every delivery fee; a late drop resets it | C14: +2.5% per drop
A15: Streak cap | B15: Highest streak bonus | C15: +25%
A16: Welcome-back pay | B16: While you are away your network keeps earning; counted for up to 8 hours | C16: 14 cr/h + upgrades
A17: North and South districts | B17: 18 more homes per site, further out and better paid; open with the first Delivery drivers upgrade | C17: 5th van
